omega,species,single_run_rel_rmse,ensemble_mean_rel_maxerr
10,S,0.030093565120014182,0.005120606169624103
10,E,0.06870072713670845,0.01563304007007007
10,ES,0.06870072713670844,0.015633040070071047
10,P,0.03691045508569868,0.010728702781533449
100,S,0.009271149115487085,0.004173824741584462
100,E,0.022003649824890305,0.006401914328275767
100,ES,0.022003649824890302,0.006401914328275345
100,P,0.0115280028935541,0.004442825164429878
1000,S,0.003053558706907146,0.0010024930270672704
1000,E,0.006803145360445363,0.0015024375555109336
1000,ES,0.006803145360445363,0.0015024375555110735
1000,P,0.0035487990655018588,0.0009928180058190906
